id,email
1,nbadrick0@nhs.uk
2,aspurman1@cpanel.net
3,rallred2@meetup.com
4,bsockell3@weather.com
5,candryushchenko4@dailymotion.com
6,mprince5@dyndns.org
7,fprate6@nationalgeographic.com
8,ghynam7@hao123.com
9,dvanderweedenburg8@godaddy.com
10,rolunny9@illinois.edu
11,ealderseya@homestead.com
12,gdeddenb@constantcontact.com
13,hhalmsc@vistaprint.com
14,rballingald@qq.com
15,dfrille@dyndns.org
16,nwoofindenf@desdev.cn
17,jflexmang@facebook.com
18,cmccandieh@list-manage.com
19,bpoleti@blogtalkradio.com
20,ascrippsj@shareasale.com
21,chedgecockk@uol.com.br
22,mmellowsl@cornell.edu
23,bleflemingm@ed.gov
24,ksimnettn@imgur.com
25,rlearmonto@4shared.com
26,tkintzelp@google.co.uk
27,mmacilhaggaq@yandex.ru
28,lrentollr@irs.gov
29,cknightsbridges@behance.net
30,fackwoodt@woothemes.com
31,lleedesu@plala.or.jp
32,efrediv@nyu.edu
33,pashardw@economist.com
34,bgoosnellx@salon.com
35,lmoylery@wikispaces.com
36,kguilletz@reddit.com
37,shamberstone10@amazon.de
38,kcawsby11@angelfire.com
39,cdolan12@etsy.com
40,emalia13@hud.gov
41,ymahy14@mysql.com
42,rpowlesland15@techcrunch.com
43,fcurrey16@skyrock.com
44,alangstone17@miibeian.gov.cn
45,jdutch18@usda.gov
46,shandley19@miitbeian.gov.cn
47,ucoult1a@cmu.edu
48,aoldey1b@deviantart.com
49,wtrebilcock1c@prweb.com
50,fmitkov1d@wired.com
51,kgilffillan1e@google.es
52,asarath1f@clickbank.net
53,reisak1g@dropbox.com
54,fsydney1h@ucsd.edu
55,kheart1i@example.com
56,dhavick1j@amazon.co.jp
57,dgary1k@arizona.edu
58,jpacquet1l@g.co
59,rkeeri1m@nasa.gov
60,fdominici1n@bloglines.com
61,vyonnie1o@google.it
62,pbendix1p@1688.com
63,eesbrook1q@g.co
64,flomas1r@fema.gov
65,csingyard1s@examiner.com
66,aogrady1t@list-manage.com
67,kmacquarrie1u@mediafire.com
68,akliner1v@admin.ch
69,jbonnet1w@sphinn.com
70,anorheny1x@discuz.net
71,htures1y@wikipedia.org
72,ctugwell1z@ehow.com
73,ssurcomb20@msn.com
74,pforte21@wikipedia.org
75,ggreenhalf22@cafepress.com
76,dgarrold23@de.vu
77,hbellhouse24@ask.com
78,rwingfield25@home.pl
79,tdossit26@tumblr.com
80,rwellington27@bizjournals.com
81,mmapston28@ft.com
82,cgettone29@ibm.com
83,ahellen2a@smugmug.com
84,djoreau2b@printfriendly.com
85,rgonnely2c@livejournal.com
86,smallon2d@sbwire.com
87,yiban2e@jiathis.com
88,clecount2f@furl.net
89,vpardy2g@salon.com
90,rbillett2h@nasa.gov
91,nsnary2i@ustream.tv
92,hgear2j@newyorker.com
93,cdadds2k@t.co
94,krabbe2l@netvibes.com
95,tchilderley2m@ifeng.com
96,bmacgille2n@geocities.com
97,pgrinyov2o@abc.net.au
98,cortsmann2p@wunderground.com
99,jpurvess2q@sohu.com
100,bjarrard2r@npr.org
101,gdiehn2s@imgur.com
102,fstepney2t@artisteer.com
103,aduffrie2u@printfriendly.com
104,cgiacopelo2v@huffingtonpost.com
105,astowers2w@berkeley.edu
106,ccherry2x@artisteer.com
107,cpettman2y@bizjournals.com
108,kricciardi2z@cmu.edu
109,sjaulmes30@ibm.com
110,ddunn31@boston.com
111,rstayt32@indiegogo.com
112,ccrighton33@miitbeian.gov.cn
113,avynoll34@hubpages.com
114,jgulvin35@dell.com
115,ldaguanno36@about.me
116,ddebnam37@ning.com
117,eambrogio38@nps.gov
118,mknaggs39@go.com
119,gmennear3a@indiatimes.com
120,pwoodstock3b@networksolutions.com
121,agrevel3c@opensource.org
122,lbeaty3d@xing.com
123,jvitler3e@elegantthemes.com
124,ajennick3f@google.ru
125,jklarzynski3g@sohu.com
126,ematticci3h@nhs.uk
127,rtregonna3i@creativecommons.org
128,rdobsons3j@scribd.com
129,rillyes3k@google.es
130,bdudney3l@naver.com
131,ecarlisle3m@disqus.com
132,lfotheringham3n@acquirethisname.com
133,prabbitt3o@tripadvisor.com
134,lsherborne3p@ocn.ne.jp
135,nerik3q@cnn.com
136,mdeetch3r@earthlink.net
137,tbrownsey3s@archive.org
138,ccains3t@blogs.com
139,mnorcock3u@blogs.com
140,nevett3v@posterous.com
141,ljiricka3w@google.nl
142,eelizabeth3x@nih.gov
143,rbaudoux3y@mashable.com
144,shamnett3z@addtoany.com
145,sarrighini40@earthlink.net
146,aaristide41@who.int
147,scasbon42@msu.edu
148,rdowling43@usnews.com
149,wocannovane44@cdc.gov
150,glornsen45@hibu.com
151,erivers46@yolasite.com
152,ysaltsberger47@usatoday.com
153,ealdcorne48@dailymotion.com
154,bruppele49@blogger.com
155,sspellward4a@gmpg.org
156,amccolm4b@un.org
157,johlsen4c@t-online.de
158,rquinn4d@pbs.org
159,nmoxom4e@google.co.uk
160,xmanjin4f@ustream.tv
161,nreeman4g@tinypic.com
162,dbaily4h@github.com
163,aemberton4i@weather.com
164,cmewes4j@ucoz.ru
165,fezzell4k@de.vu
166,csapseed4l@wiley.com
167,ogregoli4m@g.co
168,lebbin4n@list-manage.com
169,jrobardley4o@issuu.com
170,jtracey4p@so-net.ne.jp
171,lmounfield4q@yahoo.com
172,cmcconnell4r@spiegel.de
173,dedelston4s@google.co.uk
174,chusbands4t@about.com
175,melstone4u@deviantart.com
176,gmaylour4v@paginegialle.it
177,tselway4w@hexun.com
178,sellingworth4x@vistaprint.com
179,akemster4y@rambler.ru
180,lstranger4z@istockphoto.com
181,limore50@apache.org
182,cdrinkwater51@blogger.com
183,lfomichkin52@jalbum.net
184,sdavidi53@amazon.de
185,cslowgrove54@xing.com
186,cbelmont55@networkadvertising.org
187,kshergold56@google.com.br
188,hderle57@cmu.edu
189,tingleson58@about.me
190,elidden59@princeton.edu
191,labbess5a@skype.com
192,ecawsby5b@latimes.com
193,gbamsey5c@ftc.gov
194,awoodberry5d@phoca.cz
195,adocksey5e@usnews.com
196,cdorkens5f@miibeian.gov.cn
197,kbernardini5g@edublogs.org
198,epashan5h@foxnews.com
199,bseage5i@fema.gov
200,nconfait5j@youtube.com
201,adeaguirre5k@ebay.com
202,eedwardson5l@java.com
203,sgalland5m@photobucket.com
204,bpechard5n@vk.com
205,tsydall5o@thetimes.co.uk
206,ylefley5p@amazon.de
207,aflather5q@mapquest.com
208,ajosipovic5r@phpbb.com
209,vyitzhakof5s@forbes.com
210,cthornewill5t@discuz.net
211,tclulee5u@techcrunch.com
212,cdurrand5v@so-net.ne.jp
213,cespadate5w@pbs.org
214,tcampbelldunlop5x@prlog.org
215,bebden5y@ezinearticles.com
216,sperryman5z@live.com
217,dlammenga60@lulu.com
218,erandals61@usda.gov
219,mbruster62@sphinn.com
220,hstormouth63@1688.com
221,dlaste64@usa.gov
222,eoroan65@unesco.org
223,boluwatoyin66@t.co
224,froaf67@mit.edu
225,csobieski68@narod.ru
226,rvarsey69@netscape.com
227,atregidga6a@meetup.com
228,ykupec6b@fema.gov
229,ccadlock6c@oaic.gov.au
230,kosgar6d@arizona.edu
231,ogomar6e@tinyurl.com
232,jblockey6f@globo.com
233,mdarrigone6g@bloomberg.com
234,scastaignet6h@businessweek.com
235,bspong6i@go.com
236,vmayhou6j@google.com.hk
237,ageffcock6k@nih.gov
238,oespy6l@mit.edu
239,mmulvy6m@smh.com.au
240,ftunney6n@tuttocitta.it
241,nvuittet6o@unblog.fr
242,marnull6p@scientificamerican.com
243,kmonson6q@wisc.edu
244,rthorndale6r@lycos.com
245,fjoynes6s@usnews.com
246,hibbison6t@ox.ac.uk
247,lcollingworth6u@nbcnews.com
248,rinman6v@mtv.com
249,msibylla6w@wikia.com
250,favramovich6x@ebay.co.uk
251,treany6y@weibo.com
252,tkimber6z@amazon.de
253,aeveque70@live.com
254,hrhodus71@geocities.com
255,gspain72@wsj.com
256,nlamminam73@people.com.cn
257,dfranzotto74@hc360.com
258,lfilippazzo75@bizjournals.com
259,csturte76@apple.com
260,vspellesy77@multiply.com
261,mmarie78@4shared.com
262,dmebs79@posterous.com
263,slinley7a@narod.ru
264,tgyngyll7b@blog.com
265,chertwell7c@sourceforge.net
266,ecressor7d@wikispaces.com
267,earni7e@devhub.com
268,gfalck7f@ebay.co.uk
269,ekoba7g@canalblog.com
270,ecamoys7h@ucoz.ru
271,ramner7i@newsvine.com
272,pbickardike7j@ifeng.com
273,mmclauchlin7k@dell.com
274,sbodiam7l@google.de
275,mbannell7m@prweb.com
276,cgooddie7n@salon.com
277,bdibden7o@com.com
278,eethridge7p@bloglines.com
279,tzmitruk7q@furl.net
280,cchurches7r@bloglovin.com
281,jmaben7s@cnet.com
282,jweems7t@tripod.com
283,cpepys7u@geocities.jp
284,kmcgiffie7v@msn.com
285,vdundridge7w@cam.ac.uk
286,swenger7x@wikispaces.com
287,lhousden7y@hubpages.com
288,efriary7z@de.vu
289,dhallaways80@tripadvisor.com
290,kolivia81@exblog.jp
291,jfirth82@de.vu
292,ccampsall83@surveymonkey.com
293,rmounsie84@google.ru
294,smickan85@pinterest.com
295,lrudolfer86@ox.ac.uk
296,emacieja87@loc.gov
297,ldeverale88@nyu.edu
298,tgamon89@bbc.co.uk
299,rblasetti8a@ox.ac.uk
300,cizkoveski8b@miitbeian.gov.cn
301,msivess8c@over-blog.com
302,kharrington8d@ox.ac.uk
303,wgoodhall8e@comcast.net
304,sgrassett8f@craigslist.org
305,mpeniman8g@addtoany.com
306,shales8h@newsvine.com
307,ademkowicz8i@163.com
308,avairow8j@uol.com.br
309,soroan8k@twitpic.com
310,kmcquirk8l@sciencedirect.com
311,lmyderscough8m@nih.gov
312,hmcdougal8n@wunderground.com
313,ggreenhouse8o@oakley.com
314,sgullifant8p@go.com
315,gganter8q@bravesites.com
316,wsayer8r@senate.gov
317,fmorgue8s@feedburner.com
318,mdalglish8t@time.com
319,mburghill8u@unblog.fr
320,dlandis8v@apache.org
321,wfayerbrother8w@moonfruit.com
322,brunnett8x@usatoday.com
323,gbenjamin8y@homestead.com
324,ahek8z@barnesandnoble.com
325,jodowne90@walmart.com
326,bbeardsdale91@nifty.com
327,gspiring92@so-net.ne.jp
328,htodman93@gmpg.org
329,ltarbett94@berkeley.edu
330,fleveridge95@reddit.com
331,jfallow96@dion.ne.jp
332,psibbald97@ucla.edu
333,cswansborough98@edublogs.org
334,crosoni99@unicef.org
335,courry9a@netlog.com
336,ghamstead9b@chicagotribune.com
337,aivanov9c@wsj.com
338,ekitcherside9d@psu.edu
339,spridden9e@uiuc.edu
340,lgrimmett9f@sogou.com
341,lquigley9g@yale.edu
342,sgrotty9h@pcworld.com
343,ecollimore9i@cbsnews.com
344,vlaurent9j@i2i.jp
345,cstening9k@sakura.ne.jp
346,dsleeford9l@goo.ne.jp
347,llampke9m@google.it
348,femanuel9n@mac.com
349,oforgan9o@eventbrite.com
350,kplaster9p@rediff.com
351,limpey9q@mysql.com
352,scorker9r@bizjournals.com
353,cpichmann9s@discovery.com
354,lshowering9t@theglobeandmail.com
355,pdeldello9u@state.gov
356,ngierhard9v@hc360.com
357,kpeachment9w@myspace.com
358,rberkely9x@delicious.com
359,esissot9y@canalblog.com
360,mmolloy9z@themeforest.net
361,rmalcolmsona0@over-blog.com
362,dcailea1@goo.gl
363,lbraitlinga2@elegantthemes.com
364,averbruggea3@networksolutions.com
365,hserlea4@elpais.com
366,paronsteina5@house.gov
367,sfrounksa6@creativecommons.org
368,rkohrdinga7@harvard.edu
369,dpettecrewa8@hugedomains.com
370,cskeata9@telegraph.co.uk
371,jjowittaa@wikispaces.com
372,cloomisab@timesonline.co.uk
373,gviseac@deviantart.com
374,sdiackad@weather.com
375,alafontaineae@mapquest.com
376,jfirkaf@blogger.com
377,qsinnockag@usa.gov
378,lantognettiah@edublogs.org
379,sdymondai@noaa.gov
380,obillyardaj@squarespace.com
381,hjellettak@wired.com
382,mhaggeral@princeton.edu
383,sgodricham@a8.net
384,ksowrahan@myspace.com
385,tkeetsao@facebook.com
386,cgodwynap@over-blog.com
387,tyettonaq@weibo.com
388,dricketsar@csmonitor.com
389,adohertyas@patch.com
390,dpoatat@telegraph.co.uk
391,bbaynamau@so-net.ne.jp
392,mwhitebreadav@opensource.org
393,hbellinghamaw@marketwatch.com
394,dangeliniax@weibo.com
395,stearleay@macromedia.com
396,ecastagneriaz@dyndns.org
397,gstruijsb0@narod.ru
398,wheckneyb1@toplist.cz
399,hmcilwrickb2@latimes.com
400,iklimochkinb3@unicef.org
401,mogleyb4@vinaora.com
402,bgarrowayb5@earthlink.net
403,mseagoodb6@arstechnica.com
404,wgiovannaccib7@reddit.com
405,knuzzib8@bizjournals.com
406,gwoodbridgeb9@google.de
407,ffollandba@opensource.org
408,pcorneljesbb@homestead.com
409,jpigromebc@last.fm
410,ehaydockbd@de.vu
411,bfellonabe@wired.com
412,gruckhardbf@constantcontact.com
413,gblakeneybg@java.com
414,jbowickbh@prweb.com
415,kdheninbi@auda.org.au
416,ccorpbj@clickbank.net
417,mmayworthbk@hhs.gov
418,hbroadeybl@51.la
419,glefebrebm@wordpress.com
420,dbrabbinsbn@nymag.com
421,ryannikovbo@weibo.com
422,spickettbp@buzzfeed.com
423,rleiboldbq@uiuc.edu
424,tgasnellbr@taobao.com
425,cmarlorbs@netvibes.com
426,afauntbt@blogger.com
427,ngiffenbu@tuttocitta.it
428,rzuponebv@utexas.edu
429,ltimsbw@nytimes.com
430,goflynnbx@qq.com
431,kfaulconbridgeby@delicious.com
432,smingerbz@auda.org.au
433,tloheringc0@feedburner.com
434,tsunmanc1@multiply.com
435,pcraggsc2@tripod.com
436,cduforec3@ibm.com
437,lkeepencec4@statcounter.com
438,jgrinstonc5@jugem.jp
439,zdavenhallc6@qq.com
440,wfrenchc7@umich.edu
441,ejewisc8@npr.org
442,ogrebertc9@quantcast.com
443,emcloneyca@disqus.com
444,agrevescb@e-recht24.de
445,lduntoncc@stanford.edu
446,dlissandricd@symantec.com
447,cparsissonce@alexa.com
448,mcantrillcf@nifty.com
449,bjankucg@whitehouse.gov
450,mvinckch@cpanel.net
451,olennardci@cbc.ca
452,glunacj@google.com.hk
453,fshovelck@pagesperso-orange.fr
454,vkernellcl@123-reg.co.uk
455,mdalliwatrcm@opera.com
456,pgarfittcn@google.nl
457,gcopperco@gmpg.org
458,mbebiscp@sourceforge.net
459,spunyercq@aboutads.info
460,hpengelleycr@google.co.jp
461,edunkerleycs@wsj.com
462,dgrenterct@redcross.org
463,gtummondcu@booking.com
464,lgaynesfordcv@marketwatch.com
465,mgrishmanovcw@china.com.cn
466,mpatillocx@goodreads.com
467,zsimchenkocy@tamu.edu
468,lrojascz@addtoany.com
469,djoreaud0@issuu.com
470,bpanyerd1@ucsd.edu
471,tfellneed2@parallels.com
472,aesselind3@yellowbook.com
473,csticklandd4@usgs.gov
474,mohlsend5@discovery.com
475,klillod6@fda.gov
476,nduffusd7@shinystat.com
477,growlind8@gravatar.com
478,cdatd9@usnews.com
479,nedingtonda@mysql.com
480,caiskriggdb@whitehouse.gov
481,cfinckendc@last.fm
482,zarnaldd@reddit.com
483,elaityde@timesonline.co.uk
484,qgatwarddf@bbb.org
485,dbrittlesdg@jimdo.com
486,peickedh@google.co.jp
487,egleasanedi@weebly.com
488,rdeweydj@irs.gov
489,kmedcraftdk@statcounter.com
490,sbeasleydl@woothemes.com
491,ksangwinedm@latimes.com
492,rbiggindn@si.edu
493,cglenwrightdo@oakley.com
494,mwhalleydp@marriott.com
495,dbarenskiedq@nydailynews.com
496,kmcallasterdr@epa.gov
497,ekilleleyds@google.de
498,ameinekendt@vinaora.com
499,sstainerdu@tinypic.com
500,rransomedv@bluehost.com
501,lwalewskidw@123-reg.co.uk
502,tlawforddx@about.me
503,kbuckenhamdy@census.gov
504,fwarringtondz@cbc.ca
505,bgolline0@tinypic.com
506,chydere1@mapquest.com
507,cchatburne2@nifty.com
508,ybelonee3@hatena.ne.jp
509,bquarrye4@amazon.com
510,pkedsliee5@fc2.com
511,eshattocke6@nasa.gov
512,tleatherse7@eventbrite.com
513,dmccaughene8@youtu.be
514,kocurrinee9@acquirethisname.com
515,frodderea@over-blog.com
516,mdanielskyeb@elpais.com
517,sbutnerec@freewebs.com
518,dthurstaned@wikipedia.org
519,ominelliee@mapquest.com
520,pdubbinef@yellowpages.com
521,ccleghorneg@businessinsider.com
522,mrowlinsoneh@tuttocitta.it
523,bertei@blogtalkradio.com
524,abenezeitej@whitehouse.gov
525,natmoreek@goo.ne.jp
526,mtomleyel@vinaora.com
527,ejorgesenem@ucoz.ru
528,wacunaen@cnbc.com
529,rvannucciniieo@omniture.com
530,dericssonep@photobucket.com
531,lrowbreyeq@howstuffworks.com
532,gcammer@furl.net
533,chuddyes@prlog.org
534,csafferet@economist.com
535,redwardseu@utexas.edu
536,fseagraveev@yellowbook.com
537,vziehmsew@fda.gov
538,bdowdallex@cnn.com
539,elamplughey@google.com.br
540,jgiacoppoliez@over-blog.com
541,wdobrowlskif0@hc360.com
542,npyserf1@infoseek.co.jp
543,pmcneillf2@e-recht24.de
544,ggourlayf3@google.com.hk
545,wsavouryf4@forbes.com
546,cambrozf5@japanpost.jp
547,nboakf6@imageshack.us
548,icookneyf7@ocn.ne.jp
549,rgauntlettf8@chronoengine.com
550,bmeneghellif9@home.pl
551,ssutherleyfa@ucoz.ru
552,rheighofb@gnu.org
553,acailefc@freewebs.com
554,rmccrainefd@japanpost.jp
555,charviefe@ucoz.ru
556,dramalhoff@livejournal.com
557,lsavillfg@linkedin.com
558,schristleyfh@oracle.com
559,mrolsefi@ihg.com
560,ugallenfj@cornell.edu
561,ccollierfk@kickstarter.com
562,abrugmanfl@bravesites.com
563,fgolderfm@paginegialle.it
564,anorcottfn@globo.com
565,treinerfo@globo.com
566,pskipseyfp@bigcartel.com
567,mjackettsfq@businessinsider.com
568,jgiacomuzzifr@blog.com
569,urippingallfs@nydailynews.com
570,mhodcroftft@google.com.br
571,cvancasselfu@hexun.com
572,aglencrossfv@deliciousdays.com
573,zwoolandfw@home.pl
574,cmaddinfx@dot.gov
575,abrunetonfy@php.net
576,torhtfz@wix.com
577,ggoleyg0@nationalgeographic.com
578,qvaneyg1@ucoz.ru
579,adevannyg2@mtv.com
580,hpadrickg3@moonfruit.com
581,amartong4@hexun.com
582,charbidgeg5@seattletimes.com
583,cmelledyg6@yellowpages.com
584,wlepruvostg7@goo.gl
585,pgrushing8@wufoo.com
586,lbitchenog9@whitehouse.gov
587,cmaccallga@ameblo.jp
588,amahagb@europa.eu
589,espriggengc@sun.com
590,ijanoschekgd@trellian.com
591,selcocksge@samsung.com
592,cchadwellgf@skype.com
593,kweightmangg@discovery.com
594,wdoucegh@technorati.com
595,tjenninsgi@ask.com
596,slandongj@spiegel.de
597,pwallingtongk@meetup.com
598,gcrollagl@stumbleupon.com
599,cdennygm@imageshack.us
600,kdiehngn@lycos.com
601,minworthgo@cafepress.com
602,gdennantgp@flickr.com
603,awatkingq@wsj.com
604,ptorfingr@studiopress.com
605,lheggadongs@reverbnation.com
606,jkeymergt@reverbnation.com
607,hbeynegu@icq.com
608,eturesgv@stanford.edu
609,sdibiaggigw@stanford.edu
610,apautotgx@twitpic.com
611,acharltongy@csmonitor.com
612,psaltsbergergz@trellian.com
613,bgawithh0@ameblo.jp
614,mrockwellh1@netvibes.com
615,cblackwellh2@house.gov
616,tmaciejewskih3@cocolog-nifty.com
617,hpetchh4@g.co
618,rtheish5@si.edu
619,mcorterh6@census.gov
620,ckilmurrayh7@economist.com
621,xgossageh8@reference.com
622,emccrowh9@e-recht24.de
623,yescalanteha@reverbnation.com
624,bbrawsonhb@pbs.org
625,agockelerhc@blinklist.com
626,ltungatehd@digg.com
627,bbodlehe@bloomberg.com
628,zratehf@tinyurl.com
629,zmatskevichhg@infoseek.co.jp
630,bpalkehh@hao123.com
631,pklugmanhi@csmonitor.com
632,khasselbyhj@fotki.com
633,bwallentinhk@bluehost.com
634,jpellerhl@tmall.com
635,knancehm@squarespace.com
636,bbaumanhn@reddit.com
637,edavidouho@google.com.hk
638,dvasilkovhp@ifeng.com
639,kmckitterickhq@macromedia.com
640,dvinterhr@nsw.gov.au
641,skohtlerhs@dot.gov
642,eclaveringht@t.co
643,omccrystalhu@elegantthemes.com
644,nspraggshv@scribd.com
645,lbisphamhw@ovh.net
646,epeetermannhx@issuu.com
647,lswynehy@npr.org
648,tlamploughhz@drupal.org
649,cburgeri0@freewebs.com
650,agaskarthi1@a8.net
651,wbothbiei2@amazon.co.uk
652,asenoglesi3@yellowpages.com
653,kfendti4@alexa.com
654,dyurenini5@clickbank.net
655,dbowlei6@blogger.com
656,gfilippelloi7@scribd.com
657,rmumbeyi8@merriam-webster.com
658,dorgeli9@weibo.com
659,tbonsulia@craigslist.org
660,abunchib@timesonline.co.uk
661,nbrafieldic@cam.ac.uk
662,zfeverid@prlog.org
663,ehandesie@gnu.org
664,tphilpottsif@nature.com
665,mcelloig@icio.us
666,adunnih@mayoclinic.com
667,ddemullettii@dagondesign.com
668,shellardij@earthlink.net
669,jgalbreathik@xing.com
670,nblaaschil@sohu.com
671,wbrownbillim@zdnet.com
672,pavrasinin@opera.com
673,jmcquarterio@1688.com
674,obensonip@businessinsider.com
675,gmixtureiq@statcounter.com
676,pfarlambeir@webeden.co.uk
677,ebannardis@wikipedia.org
678,diacobassiit@reverbnation.com
679,dteliginiu@alibaba.com
680,eheggieiv@cisco.com
681,dhaganiw@ted.com
682,mcoastix@github.io
683,kcrustiy@tumblr.com
684,pcoryndoniz@about.com
685,dteasdalej0@1688.com
686,bcromblehomej1@addtoany.com
687,ctownleyj2@apple.com
688,rwhildj3@sphinn.com
689,ngoodyearj4@paypal.com
690,dtotmanj5@artisteer.com
691,kleadesj6@xing.com
692,mmcgettiganj7@usgs.gov
693,mjakubskij8@seattletimes.com
694,ssandarsj9@uiuc.edu
695,ekasbyeja@twitpic.com
696,jbelvardjb@studiopress.com
697,dpuesjc@barnesandnoble.com
698,dlaytonjd@slideshare.net
699,sdealyje@dailymail.co.uk
700,amonteljf@cocolog-nifty.com
701,ckollaschekjg@i2i.jp
702,mdriscolljh@who.int
703,csimoninji@noaa.gov
704,kpovahjj@nsw.gov.au
705,afardojk@xinhuanet.com
706,rmurrhauptjl@mlb.com
707,sreadmirejm@last.fm
708,ejonathonjn@imageshack.us
709,bsoanesjo@walmart.com
710,ltaborjp@tuttocitta.it
711,rgarstanjq@smh.com.au
712,bgetshamjr@istockphoto.com
713,ojerremsjs@artisteer.com
714,gwhetsonjt@twitpic.com
715,cchampnissju@exblog.jp
716,mlinskeyjv@edublogs.org
717,gdurtneljw@unesco.org
718,czapatajx@washington.edu
719,jhalfpennyjy@wordpress.org
720,dbusselljz@oaic.gov.au
721,pcullityk0@indiatimes.com
722,alydallk1@zdnet.com
723,jfranceschk2@vistaprint.com
724,gdraiseyk3@patch.com
725,anicholesk4@vinaora.com
726,lbifordk5@goodreads.com
727,ceadesk6@comsenz.com
728,kdanilowiczk7@twitter.com
729,dprestagek8@multiply.com
730,gchastelaink9@vimeo.com
731,mbendtsenka@ocn.ne.jp
732,vcawkerkb@ameblo.jp
733,icoakleykc@dedecms.com
734,tburgherkd@amazon.co.jp
735,rbarkhouseke@va.gov
736,cgarzkf@furl.net
737,chambidgekg@soundcloud.com
738,jgladdifhkh@engadget.com
739,fsweetloveki@stanford.edu
740,jsiggerskj@unblog.fr
741,ccurmikk@digg.com
742,bsievekl@pagesperso-orange.fr
743,pnorwichkm@nyu.edu
744,griccardkn@arizona.edu
745,gchopyko@mashable.com
746,astillykp@furl.net
747,enavarokq@hostgator.com
748,isouthernkr@plala.or.jp
749,sfrischks@ucla.edu
750,rraftkt@jimdo.com
751,arotchellku@devhub.com
752,fotteekv@canalblog.com
753,nlaterzakw@jimdo.com
754,kkropkx@prweb.com
755,cbidderky@marketwatch.com
756,lfellonakz@miitbeian.gov.cn
757,chopfnerl0@prlog.org
758,dodownel1@google.co.jp
759,yruzickal2@ucsd.edu
760,ihuskl3@pen.io
761,mmurchl4@php.net
762,pwrettuml5@narod.ru
763,flarderotl6@xing.com
764,tfairfoulll7@sfgate.com
765,mwiskerl8@chicagotribune.com
766,vhaggarl9@sourceforge.net
767,nmealingla@geocities.com
768,dgerblb@google.fr
769,klocketlc@oaic.gov.au
770,ekarlmannld@xing.com
771,ctaklele@google.com.br
772,mfilippuccilf@mit.edu
773,asoppethlg@usda.gov
774,glyvonlh@symantec.com
775,fmoninili@ow.ly
776,awitcherlj@bbc.co.uk
777,uadrienlk@economist.com
778,dbrookhousell@arstechnica.com
779,fleportlm@purevolume.com
780,hokeshottln@businessweek.com
781,bmatyushonoklo@cnet.com
782,rplaisterlp@ifeng.com
783,hokeylq@ehow.com
784,fmelonbylr@apple.com
785,aruddlels@purevolume.com
786,tcrebolt@geocities.jp
787,smilksoplu@discovery.com
788,asivelllv@google.co.jp
789,esanthouselw@arizona.edu
790,balwenlx@cdc.gov
791,pcardenasly@bloglovin.com
792,kspibylz@ted.com
793,cegintonm0@npr.org
794,mgiloglym1@unblog.fr
795,aguerrazzim2@berkeley.edu
796,oswindellsm3@berkeley.edu
797,jtibblesm4@blinklist.com
798,ftennantm5@elegantthemes.com
799,htarburnm6@springer.com
800,cschaferm7@topsy.com
801,tkeohanem8@ebay.com
802,tdenialm9@sciencedirect.com
803,avalentema@fema.gov
804,kgroartymb@1und1.de
805,sandreuccimc@hostgator.com
806,bdrewettmd@yahoo.co.jp
807,kjoselevitchme@flickr.com
808,jspawforthmf@loc.gov
809,mwaitmg@nhs.uk
810,dbrunigesmh@nytimes.com
811,rliasmi@hc360.com
812,rhoulistonmj@squarespace.com
813,bwhiteheadmk@bandcamp.com
814,lpipetml@youtu.be
815,gpalkemm@wiley.com
816,jwrittlemn@is.gd
817,alinkletmo@webs.com
818,vcrosfeldmp@hhs.gov
819,dblenkinshipmq@rambler.ru
820,aticksallmr@wiley.com
821,csoutherellms@virginia.edu
822,handriolimt@clickbank.net
823,caaronsonmu@csmonitor.com
824,jlaybornmv@youtube.com
825,cwarnockmw@blinklist.com
826,ialleburtonmx@tiny.cc
827,dlummismy@sciencedirect.com
828,kbuttelmz@gov.uk
829,dgilbardn0@nasa.gov
830,lwilshinn1@msn.com
831,jugonin2@yolasite.com
832,tguerinn3@zimbio.com
833,amcgiffinn4@artisteer.com
834,plebbernn5@ustream.tv
835,lguillotonn6@yolasite.com
836,rrubinown7@hao123.com
837,rcastellaccion8@trellian.com
838,uanfonsin9@cocolog-nifty.com
839,rjackwaysna@ycombinator.com
840,bferynb@themeforest.net
841,mmacaleesenc@yandex.ru
842,fduplannd@tinyurl.com
843,kkeevesne@redcross.org
844,jpritchardnf@parallels.com
845,blukashng@dedecms.com
846,mmatchettnh@amazon.com
847,fcowplandni@chronoengine.com
848,tjaniknj@go.com
849,mlaurantnk@home.pl
850,nosichevnl@sciencedirect.com
851,avassernm@statcounter.com
852,mstrobannn@gnu.org
853,cmuneelyno@jugem.jp
854,mhagannp@ihg.com
855,aannakinnq@alibaba.com
856,dburchnr@blogger.com
857,kbolzmannns@weather.com
858,gstanfieldnt@acquirethisname.com
859,sabramciknu@dmoz.org
860,pmiskinnv@tumblr.com
861,gscotfordnw@berkeley.edu
862,bfreelandnx@mail.ru
863,tpeytony@prweb.com
864,cfrasconenz@twitpic.com
865,eevenetto0@tumblr.com
866,boneillo1@youtu.be
867,tstatono2@people.com.cn
868,ufiltnesso3@dot.gov
869,zberchero4@jigsy.com
870,jblackdeno5@whitehouse.gov
871,apalombio6@networksolutions.com
872,mjoppo7@whitehouse.gov
873,lrutgerso8@ow.ly
874,dcollefordo9@baidu.com
875,bcardinaleoa@china.com.cn
876,fbettisob@gizmodo.com
877,eknuttonoc@uol.com.br
878,ldeblasiood@bing.com
879,abrimelowoe@apple.com
880,bgoadsbyof@cbsnews.com
881,livanichevog@patch.com
882,sbomeoh@ihg.com
883,adimatteooi@chronoengine.com
884,pduckerinoj@google.it
885,wmatterdaceok@trellian.com
886,rlutwycheol@noaa.gov
887,ksugarsom@blogs.com
888,chatchetteon@senate.gov
889,dproschoo@gnu.org
890,cloakesop@independent.co.uk
891,atowrissoq@usatoday.com
892,mweissor@example.com
893,lfurleyos@census.gov
894,teveringhamot@howstuffworks.com
895,shenzeou@pinterest.com
896,rtylorov@cafepress.com
897,dperottow@dedecms.com
898,bkennairdox@cam.ac.uk
899,dsongeroy@cloudflare.com
900,aspoffordoz@unblog.fr
901,jpadyp0@wikimedia.org
902,asheedp1@tumblr.com
903,vjerochp2@baidu.com
904,wlemmerp3@hexun.com
905,ebrumbyp4@pinterest.com
906,arudep5@freewebs.com
907,nfaulkenerp6@t-online.de
908,bstanfordp7@simplemachines.org
909,lpinnigarp8@surveymonkey.com
910,adionisip9@photobucket.com
911,sgreenleespa@aboutads.info
912,aseagoodpb@themeforest.net
913,bpickerinpc@unicef.org
914,amoodeypd@instagram.com
915,amurriepe@vk.com
916,jknotonpf@discuz.net
917,dlarosapg@hugedomains.com
918,rdeguaraph@huffingtonpost.com
919,rblackabypi@census.gov
920,rivchenkopj@spiegel.de
921,dburbidgepk@pen.io
922,whoutenpl@google.co.uk
923,adruelpm@mail.ru
924,emacfiepn@bigcartel.com
925,bpurplepo@umn.edu
926,sfydoepp@webmd.com
927,dkibbeepq@angelfire.com
928,gardleypr@issuu.com
929,rcorkittps@macromedia.com
930,jsnowdenpt@dion.ne.jp
931,mgeorgeonpu@51.la
932,nwitherdonpv@ycombinator.com
933,rhedmanpw@ebay.com
934,jewestacepx@lulu.com
935,gvosspy@ucla.edu
936,hwarbeyspz@facebook.com
937,wpyrtonq0@arizona.edu
938,gdrinanq1@youtu.be
939,afarnallq2@vistaprint.com
940,ggosswellq3@tmall.com
941,rcollingworthq4@ft.com
942,emilnesq5@house.gov
943,gvasyutinq6@seesaa.net
944,hredmellq7@ox.ac.uk
945,sposselq8@shinystat.com
946,rcorroq9@acquirethisname.com
947,bmathyqa@wired.com
948,charlinqb@tinyurl.com
949,ukosqc@harvard.edu
950,cfarquarqd@seattletimes.com
951,cdaggqe@discuz.net
952,cmattamqf@wordpress.org
953,tbrittqg@yellowbook.com
954,kpinckardqh@wordpress.org
955,barthursqi@netlog.com
956,dhassellqj@netvibes.com
957,akuhnwaldqk@amazon.co.uk
958,rquyeql@wiley.com
959,obowsteadqm@ocn.ne.jp
960,bhanmoreqn@istockphoto.com
961,vkleinhausqo@salon.com
962,bcrookshanksqp@is.gd
963,clackneyqq@mapy.cz
964,cporrittqr@issuu.com
965,ppaulackqs@networksolutions.com
966,mtwinbrowqt@mlb.com
967,lmcalinequ@prweb.com
968,kcrasterqv@so-net.ne.jp
969,bhissettqw@flavors.me
970,kcholmondeleyqx@sbwire.com
971,rjeanenetqy@altervista.org
972,kmormanqz@w3.org
973,ghurdler0@blogspot.com
974,aarchbellr1@wp.com
975,byetmanr2@yale.edu
976,ljantelr3@ucoz.com
977,djoyer4@forbes.com
978,bbowner5@ed.gov
979,ihoverr6@dropbox.com
980,glambethr7@disqus.com
981,fovenellr8@sogou.com
982,tbarenskier9@amazon.com
983,ukerinsra@forbes.com
984,ctillyrb@exblog.jp
985,nmackriellrc@cmu.edu
986,lcoudrayrd@biglobe.ne.jp
987,koglethorpere@amazon.co.jp
988,rarnaudonrf@salon.com
989,astallionrg@unesco.org
990,sberndtrh@accuweather.com
991,gcrinidgeri@imageshack.us
992,bvassierj@livejournal.com
993,oyurukhinrk@illinois.edu
994,mgiacopazzirl@ucsd.edu
995,hroblourm@domainmarket.com
996,rscurrahrn@smugmug.com
997,shutchinsro@archive.org
998,gbabberp@newsvine.com
999,mcinavasrq@chicagotribune.com
1000,mvlasyukrr@usa.gov
